order,super.family,family,genus,scientific.name
Hymenoptera,Apoidea,Apidae,Anthophora,Anthophora terminalis
Hymenoptera,Apoidea,Apidae,Apis,Apis mellifera
Hymenoptera,Apoidea,Apidae,Bombus,Bombus affinis
Hymenoptera,Apoidea,Apidae,Bombus,Bombus ashtoni
Hymenoptera,Apoidea,Apidae,Bombus,Bombus bimaculatus
Hymenoptera,Apoidea,Apidae,Bombus,Bombus borealis
Hymenoptera,Apoidea,Apidae,Bombus,Bombus citrinus
Hymenoptera,Apoidea,Apidae,Bombus,Bombus fernaldae
Hymenoptera,Apoidea,Apidae,Bombus,Bombus fervidus
Hymenoptera,Apoidea,Apidae,Bombus,Bombus perplexus
Hymenoptera,Apoidea,Apidae,Bombus,Bombus ternarius
Hymenoptera,Apoidea,Apidae,Bombus,Bombus terricola
Hymenoptera,Apoidea,Apidae,Bombus,Bombus vagans
Hymenoptera,Apoidea,Apidae,Ceratina,Ceratina calcarata
Hymenoptera,Apoidea,Apidae,Ceratina,Ceratina dupla
Hymenoptera,Apoidea,Apidae,Ceratina,Ceratina strenua
Hymenoptera,Apoidea,Apidae,Doerinigiella,Doerinigiella donata
Hymenoptera,Apoidea,Apidae,Epeolus,Epeolus scutellaris
Hymenoptera,Apoidea,Apidae,Habropoda,Habropoda laboriosa
Hymenoptera,Apoidea,Apidae,Melissodes,Melissodes illata
Hymenoptera,Apoidea,Apidae,Melissodes,Melissodes rustica
Hymenoptera,Apoidea,Apidae,Nomada,Nomada cressonii
Hymenoptera,Apoidea,Apidae,Nomada,Nomada cuneata
Hymenoptera,Apoidea,Apidae,Nomada,Nomada perplexa
Hymenoptera,Apoidea,Apidae,Psithyrus,Psithyrus fernaldae
Lepidoptera,Geometroidea,Geometridae,Acasis,Acasis viridata
Lepidoptera,Geometroidea,Geometridae,Aethalura,Aethalura intertexta
Lepidoptera,Geometroidea,Geometridae,Alsophila,Alsophila pometaria
Lepidoptera,Geometroidea,Geometridae,Anavitrinella,Anavitrinella pampinaria
Lepidoptera,Geometroidea,Geometridae,Antepione,Antepione thisoaria
Lepidoptera,Geometroidea,Geometridae,Anticlea,Anticlea multiferata
Lepidoptera,Geometroidea,Geometridae,Anticlea,Anticlea vasiliata
Lepidoptera,Geometroidea,Geometridae,Archiearis,Archiearis infans
Lepidoptera,Geometroidea,Geometridae,Besma,Besma endropiaria
Lepidoptera,Geometroidea,Geometridae,Biston,Biston betularia
Lepidoptera,Geometroidea,Geometridae,Cabera,Cabera erythemaria
Lepidoptera,Geometroidea,Geometridae,Cabera,Cabera variolaria
Lepidoptera,Geometroidea,Geometridae,Campaea,Campaea perlata
Lepidoptera,Geometroidea,Geometridae,Caripeta,Caripeta angustiorata
Lepidoptera,Geometroidea,Geometridae,Caripeta,Caripeta divisata
Lepidoptera,Geometroidea,Geometridae,Caripeta,Caripeta piniata
Lepidoptera,Geometroidea,Geometridae,Cepphis,Cepphis armataria
Lepidoptera,Geometroidea,Geometridae,Chlorochlamys,Chlorochlamys chloroleucaria
Lepidoptera,Geometroidea,Geometridae,Cingilia,Cingilia catenaria
Lepidoptera,Geometroidea,Geometridae,Cladara,Cladara anguilineata
Lepidoptera,Geometroidea,Geometridae,Cladara,Cladara atroliturata
Lepidoptera,Geometroidea,Geometridae,Cladara,Cladara limitaria
Lepidoptera,Geometroidea,Geometridae,Costaconvexa,Costaconvexa centrostrigaria
Lepidoptera,Geometroidea,Geometridae,Cyclophora,Cyclophora myrtaria
Lepidoptera,Geometroidea,Geometridae,Cyclophora,Cyclophora pendulinaria
Lepidoptera,Geometroidea,Geometridae,Digrammia,Digrammia continuata
Lepidoptera,Geometroidea,Geometridae,Digrammia,Digrammia mellistrigata
Lepidoptera,Geometroidea,Geometridae,Disclisioprocta,Disclisioprocta stellata
Lepidoptera,Geometroidea,Geometridae,Drepanulatrix,Drepanulatrix foeminaria
Lepidoptera,Geometroidea,Geometridae,DysStröma,DysStröma citrata
Lepidoptera,Geometroidea,Geometridae,DysStröma,DysStröma hersiliata
Lepidoptera,Geometroidea,Geometridae,DysStröma,DysStröma truncata
Lepidoptera,Geometroidea,Geometridae,Ecliptopera,Ecliptopera silaceata
Lepidoptera,Geometroidea,Geometridae,Ectropis,Ectropis crepuscularia
Lepidoptera,Geometroidea,Geometridae,Ematurga,Ematurga amitaria
Lepidoptera,Geometroidea,Geometridae,Ennomos,Ennomos magnaria
Lepidoptera,Geometroidea,Geometridae,Ennomos,Ennomos subsignaria
Lepidoptera,Geometroidea,Geometridae,Entephria,Entephria aurata
Lepidoptera,Geometroidea,Geometridae,Epelis,Epelis truncataria
Lepidoptera,Geometroidea,Geometridae,Epirrita,Epirrita autumnata
Lepidoptera,Geometroidea,Geometridae,Erannis,Erannis tiliaria
Lepidoptera,Geometroidea,Geometridae,Eubaphe,Eubaphe mendica
Lepidoptera,Geometroidea,Geometridae,Euchlaena,Euchlaena amoenaria
Lepidoptera,Geometroidea,Geometridae,Euchlaena,Euchlaena effecta
Lepidoptera,Geometroidea,Geometridae,Euchlaena,Euchlaena irraria
Lepidoptera,Geometroidea,Geometridae,Euchlaena,Euchlaena johnsonaria
Lepidoptera,Geometroidea,Geometridae,Euchlaena,Euchlaena madusaria
Lepidoptera,Geometroidea,Geometridae,Euchlaena,Euchlaena marginaria
Lepidoptera,Geometroidea,Geometridae,Euchlaena,Euchlaena obtusaria
Lepidoptera,Geometroidea,Geometridae,Euchlaena,Euchlaena serrata
Lepidoptera,Geometroidea,Geometridae,Eufidonia,Eufidonia discospilata
Lepidoptera,Geometroidea,Geometridae,Eufidonia,Eufidonia notataria
Lepidoptera,Geometroidea,Geometridae,Eulithis,Eulithis destinata
Lepidoptera,Geometroidea,Geometridae,Eulithis,Eulithis diversilineata
Lepidoptera,Geometroidea,Geometridae,Eulithis,Eulithis explanata
Lepidoptera,Geometroidea,Geometridae,Eulithis,Eulithis gracilineata
Lepidoptera,Geometroidea,Geometridae,Eulithis,Eulithis serrataria
Lepidoptera,Geometroidea,Geometridae,Eulithis,Eulithis testata
Lepidoptera,Geometroidea,Geometridae,Eulithis,Eulithis xylina
Lepidoptera,Geometroidea,Geometridae,Euphyia,Euphyia intermediata
Lepidoptera,Geometroidea,Geometridae,Eupithecia,Eupithecia absinthiata
Lepidoptera,Geometroidea,Geometridae,Eupithecia,Eupithecia annulata
Lepidoptera,Geometroidea,Geometridae,Eupithecia,Eupithecia anticaria
Lepidoptera,Geometroidea,Geometridae,Eupithecia,Eupithecia coloradensis
Lepidoptera,Geometroidea,Geometridae,Eupithecia,Eupithecia columbiata
Lepidoptera,Geometroidea,Geometridae,Eupithecia,Eupithecia fletcherata
Lepidoptera,Geometroidea,Geometridae,Eupithecia,Eupithecia gelidata
Lepidoptera,Geometroidea,Geometridae,Eupithecia,Eupithecia interruptofasciata
Lepidoptera,Geometroidea,Geometridae,Eupithecia,Eupithecia intricata
Lepidoptera,Geometroidea,Geometridae,Eupithecia,Eupithecia miserulata
Lepidoptera,Geometroidea,Geometridae,Eupithecia,Eupithecia palpata
Lepidoptera,Geometroidea,Geometridae,Eupithecia,Eupithecia perfusca
Lepidoptera,Geometroidea,Geometridae,Eupithecia,Eupithecia ravocostaliata
Lepidoptera,Geometroidea,Geometridae,Eupithecia,Eupithecia russeliata
Lepidoptera,Geometroidea,Geometridae,Eupithecia,Eupithecia satyrata
Lepidoptera,Geometroidea,Geometridae,Eupithecia,Eupithecia strattonata
Lepidoptera,Geometroidea,Geometridae,Eupithecia,Eupithecia subfuscata
Lepidoptera,Geometroidea,Geometridae,Eusarca,Eusarca confusaria
Lepidoptera,Geometroidea,Geometridae,Eutrapela,Eutrapela clemataria
Lepidoptera,Geometroidea,Geometridae,Glena,Glena cognataria
Lepidoptera,Geometroidea,Geometridae,Gueneria,Gueneria similaria
Lepidoptera,Geometroidea,Geometridae,Haematopis,Haematopis grataria
Lepidoptera,Geometroidea,Geometridae,Hesperumia,Hesperumia sulphuraria
Lepidoptera,Geometroidea,Geometridae,Hethemia,Hethemia pistasciaria
Lepidoptera,Geometroidea,Geometridae,Homochlodes,Homochlodes fritillaria
Lepidoptera,Geometroidea,Geometridae,Horisme,Horisme intestinata
Lepidoptera,Geometroidea,Geometridae,Hydrelia,Hydrelia inornata
Lepidoptera,Geometroidea,Geometridae,Hydriomena,Hydriomena divisaria
Lepidoptera,Geometroidea,Geometridae,Hydriomena,Hydriomena perfracta
Lepidoptera,Geometroidea,Geometridae,Hydriomena,Hydriomena pluviata
Lepidoptera,Geometroidea,Geometridae,Hydriomena,Hydriomena renunciata
Lepidoptera,Geometroidea,Geometridae,Hydriomena,Hydriomena ruberata
Lepidoptera,Geometroidea,Geometridae,Hypagyrtis,Hypagyrtis piniata
Lepidoptera,Geometroidea,Geometridae,Hypagyrtis,Hypagyrtis unipunctata
Lepidoptera,Geometroidea,Geometridae,Idaea,Idaea rotundopennata
Lepidoptera,Geometroidea,Geometridae,Iridopsis,Iridopsis ephyraria
Lepidoptera,Geometroidea,Geometridae,Iridopsis,Iridopsis humaria
Lepidoptera,Geometroidea,Geometridae,Iridopsis,Iridopsis larvaria
Lepidoptera,Geometroidea,Geometridae,Iridopsis,Iridopsis vellivolata
Lepidoptera,Geometroidea,Geometridae,Lambdina,Lambdina fiscellaria
Lepidoptera,Geometroidea,Geometridae,Ligdia,Ligdia wagneri
Lepidoptera,Geometroidea,Geometridae,Lobophora,Lobophora nivigerata
Lepidoptera,Geometroidea,Geometridae,Lomographa,Lomographa glomeraria
Lepidoptera,Geometroidea,Geometridae,Lomographa,Lomographa semiclarata
Lepidoptera,Geometroidea,Geometridae,Lomographa,Lomographa vestaliata
Lepidoptera,Geometroidea,Geometridae,Lycia,Lycia ursaria
Lepidoptera,Geometroidea,Geometridae,Macaria,Macaria bisignata
Lepidoptera,Geometroidea,Geometridae,Macaria,Macaria granitata
Lepidoptera,Geometroidea,Geometridae,Macaria,Macaria minorata
Lepidoptera,Geometroidea,Geometridae,Macaria,Macaria notata
Lepidoptera,Geometroidea,Geometridae,Macaria,Macaria oweni
Lepidoptera,Geometroidea,Geometridae,Macaria,Macaria sexmaculata
Lepidoptera,Geometroidea,Geometridae,Macaria,Macaria signaria
Lepidoptera,Geometroidea,Geometridae,Melanolophia,Melanolophia signataria
Lepidoptera,Geometroidea,Geometridae,Mesoleuca,Mesoleuca ruficillata
Lepidoptera,Geometroidea,Geometridae,Mesothea,Mesothea incertata
Lepidoptera,Geometroidea,Geometridae,Metanema,Metanema determinata
Lepidoptera,Geometroidea,Geometridae,Metanema,Metanema inatomaria
Lepidoptera,Geometroidea,Geometridae,Metarranthis,Metarranthis amyrisaria
Lepidoptera,Geometroidea,Geometridae,Metarranthis,Metarranthis duaria
Lepidoptera,Geometroidea,Geometridae,Metarranthis,Metarranthis hypocharia
Lepidoptera,Geometroidea,Geometridae,Metarranthis,Metarranthis hypochraria
Lepidoptera,Geometroidea,Geometridae,Metarranthis,Metarranthis obfirmaria
Lepidoptera,Geometroidea,Geometridae,Metarranthis,Metarranthis warneri
Lepidoptera,Geometroidea,Geometridae,Nemoria,Nemoria mimosaria
Lepidoptera,Geometroidea,Geometridae,Nemoria,Nemoria rubrifrontaria
Lepidoptera,Geometroidea,Geometridae,Nepytia,Nepytia canosaria
Lepidoptera,Geometroidea,Geometridae,Nepytia,Nepytia pellucidaria
Lepidoptera,Geometroidea,Geometridae,Operophtera,Operophtera bruceata
Lepidoptera,Geometroidea,Geometridae,Orthofidonia,Orthofidonia flavivenata
Lepidoptera,Geometroidea,Geometridae,Orthofidonia,Orthofidonia tinctaria
Lepidoptera,Geometroidea,Geometridae,Orthonama,Orthonama obstipata
Lepidoptera,Geometroidea,Geometridae,Perizoma,Perizoma basaliata
Lepidoptera,Geometroidea,Geometridae,Pero,Pero ancetaria
Lepidoptera,Geometroidea,Geometridae,Pero,Pero honestaria
Lepidoptera,Geometroidea,Geometridae,Pero,Pero morrisonaria
Lepidoptera,Geometroidea,Geometridae,Petrophora,Petrophora subaequaria
Lepidoptera,Geometroidea,Geometridae,Phaeoura,Phaeoura quernaria
Lepidoptera,Geometroidea,Geometridae,Phigalia,Phigalia titea
Lepidoptera,Geometroidea,Geometridae,Plagodis,Plagodis alcoolaria
Lepidoptera,Geometroidea,Geometridae,Plagodis,Plagodis phlogosaria
Lepidoptera,Geometroidea,Geometridae,Plagodis,Plagodis serinaria
Lepidoptera,Geometroidea,Geometridae,Plemyria,Plemyria georgii
Lepidoptera,Geometroidea,Geometridae,Pleuroprucha,Pleuroprucha insulsaria
Lepidoptera,Geometroidea,Geometridae,Probole,Probole alienaria
Lepidoptera,Geometroidea,Geometridae,Probole,Probole amicaria
Lepidoptera,Geometroidea,Geometridae,Prochoerodes,Prochoerodes lineola
Lepidoptera,Geometroidea,Geometridae,Protitame,Protitame virginalis
Lepidoptera,Geometroidea,Geometridae,Protoboarmia,Protoboarmia porcelaria
Lepidoptera,Geometroidea,Geometridae,Rheumaptera,Rheumaptera hastata
Lepidoptera,Geometroidea,Geometridae,Rheumaptera,Rheumaptera undulata
Lepidoptera,Geometroidea,Geometridae,Scopula,Scopula cacuminaria
Lepidoptera,Geometroidea,Geometridae,Scopula,Scopula inductata
Lepidoptera,Geometroidea,Geometridae,Scopula,Scopula limboundata
Lepidoptera,Geometroidea,Geometridae,Scopula,Scopula quadrilineata
Lepidoptera,Geometroidea,Geometridae,Selenia,Selenia alciphearia
Lepidoptera,Geometroidea,Geometridae,Sicya,Sicya macularia
Lepidoptera,Geometroidea,Geometridae,Spargania,Spargania luctuata
Lepidoptera,Geometroidea,Geometridae,Spargania,Spargania magnoliata
Lepidoptera,Geometroidea,Geometridae,Speranza,Speranza anataria
Lepidoptera,Geometroidea,Geometridae,Speranza,Speranza argillacearia
Lepidoptera,Geometroidea,Geometridae,Speranza,Speranza bitactata
Lepidoptera,Geometroidea,Geometridae,Speranza,Speranza brunneata
Lepidoptera,Geometroidea,Geometridae,Speranza,Speranza loricaria
Lepidoptera,Geometroidea,Geometridae,Speranza,Speranza pustularia
Lepidoptera,Geometroidea,Geometridae,Speranza,Speranza sulphurea
Lepidoptera,Geometroidea,Geometridae,Spodolepis,Spodolepis substriataria
Lepidoptera,Geometroidea,Geometridae,Synchlora,Synchlora aerata
Lepidoptera,Geometroidea,Geometridae,Tacparia,Tacparia atropunctata
Lepidoptera,Geometroidea,Geometridae,Tacparia,Tacparia detersata
Lepidoptera,Geometroidea,Geometridae,Tetracis,Tetracis cachexiata
Lepidoptera,Geometroidea,Geometridae,Tetracis,Tetracis crocallata
Lepidoptera,Geometroidea,Geometridae,Thera,Thera contractata
Lepidoptera,Geometroidea,Geometridae,Thera,Thera juniperata
Lepidoptera,Geometroidea,Geometridae,Trichodezia,Trichodezia albovittata
Lepidoptera,Geometroidea,Geometridae,Triphosa,Triphosa affirmata
Lepidoptera,Geometroidea,Geometridae,Triphosa,Triphosa haesitata
Lepidoptera,Geometroidea,Geometridae,Venusia,Venusia cambrica
Lepidoptera,Geometroidea,Geometridae,Venusia,Venusia comptaria
Lepidoptera,Geometroidea,Geometridae,Xanthorhoe,Xanthorhoe abrasaria
Lepidoptera,Geometroidea,Geometridae,Xanthorhoe,Xanthorhoe designata
Lepidoptera,Geometroidea,Geometridae,Xanthorhoe,Xanthorhoe ferrugata
Lepidoptera,Geometroidea,Geometridae,Xanthorhoe,Xanthorhoe iduata
Lepidoptera,Geometroidea,Geometridae,Xanthorhoe,Xanthorhoe labradorensis
Lepidoptera,Geometroidea,Geometridae,Xanthorhoe,Xanthorhoe lacustrata
Lepidoptera,Geometroidea,Geometridae,Xanthotype,Xanthotype sospeta
Lepidoptera,Hesperioidea,Hesperiidae,Amblyscirtes,Amblyscirtes hegon
Lepidoptera,Hesperioidea,Hesperiidae,Amblyscirtes,Amblyscirtes vialis
Lepidoptera,Hesperioidea,Hesperiidae,Ancyloxypha,Ancyloxypha numitor
Lepidoptera,Hesperioidea,Hesperiidae,Carterocephalus,Carterocephalus palaemon
Lepidoptera,Hesperioidea,Hesperiidae,Erynnis,Erynnis icelus
Lepidoptera,Hesperioidea,Hesperiidae,Euphyes,Euphyes bimacula
Lepidoptera,Hesperioidea,Hesperiidae,Euphyes,Euphyes vestris
Lepidoptera,Hesperioidea,Hesperiidae,Hesperia,Hesperia comma
Lepidoptera,Hesperioidea,Hesperiidae,Hesperia,Hesperia leonardus
Lepidoptera,Hesperioidea,Hesperiidae,Hesperia,Hesperia sassacus
Lepidoptera,Hesperioidea,Hesperiidae,Poanes,Poanes hobomok
Lepidoptera,Hesperioidea,Hesperiidae,Polites,Polites mystic
Lepidoptera,Hesperioidea,Hesperiidae,Polites,Polites peckius
Lepidoptera,Hesperioidea,Hesperiidae,Polites,Polites themistocles
Lepidoptera,Hesperioidea,Hesperiidae,Thorybes,Thorybes pylades
Lepidoptera,Hesperioidea,Hesperiidae,Wallengrenia,Wallengrenia otho
Lepidoptera,Papilionoidea,Lycaenidae,Callophrys,Callophrys augustinus
Lepidoptera,Papilionoidea,Lycaenidae,Callophrys,Callophrys niphon
Lepidoptera,Papilionoidea,Lycaenidae,Callophrys,Callophrys polios
Lepidoptera,Papilionoidea,Lycaenidae,Celastrina,Celastrina neglecta
Lepidoptera,Papilionoidea,Lycaenidae,Cupido,Cupido comyntas
Lepidoptera,Papilionoidea,Lycaenidae,Erora,Erora laeta
Lepidoptera,Papilionoidea,Lycaenidae,Feniseca,Feniseca tarquinius
Lepidoptera,Papilionoidea,Lycaenidae,Lycaena,Lycaena epixanthe
Lepidoptera,Papilionoidea,Lycaenidae,Lycaena,Lycaena phlaeas
Lepidoptera,Papilionoidea,Lycaenidae,Plebejus,Plebejus saepiolus
Lepidoptera,Papilionoidea,Lycaenidae,Satyrium,Satyrium calanus
Lepidoptera,Papilionoidea,Lycaenidae,Satyrium,Satyrium edwardsii
Lepidoptera,Papilionoidea,Lycaenidae,Strymon,Strymon melinus
Lepidoptera,Noctuoidea,Noctuidae,Abagrotis,Abagrotis alternata
Lepidoptera,Noctuoidea,Noctuidae,Abagrotis,Abagrotis anchocelioides
Lepidoptera,Noctuoidea,Noctuidae,Abagrotis,Abagrotis brunneipennis
Lepidoptera,Noctuoidea,Noctuidae,Abagrotis,Abagrotis cupida
Lepidoptera,Noctuoidea,Noctuidae,Abagrotis,Abagrotis placida
Lepidoptera,Noctuoidea,Noctuidae,Achatodes,Achatodes zeae
Lepidoptera,Noctuoidea,Noctuidae,Acronicta,Acronicta afflicta
Lepidoptera,Noctuoidea,Noctuidae,Acronicta,Acronicta americana
Lepidoptera,Noctuoidea,Noctuidae,Acronicta,Acronicta dactylina
Lepidoptera,Noctuoidea,Noctuidae,Acronicta,Acronicta grisea
Lepidoptera,Noctuoidea,Noctuidae,Acronicta,Acronicta hamamelis
Lepidoptera,Noctuoidea,Noctuidae,Acronicta,Acronicta hasta
Lepidoptera,Noctuoidea,Noctuidae,Acronicta,Acronicta impleta
Lepidoptera,Noctuoidea,Noctuidae,Acronicta,Acronicta impressa
Lepidoptera,Noctuoidea,Noctuidae,Acronicta,Acronicta innotata
Lepidoptera,Noctuoidea,Noctuidae,Acronicta,Acronicta lanceolaria
Lepidoptera,Noctuoidea,Noctuidae,Acronicta,Acronicta lepusculina
Lepidoptera,Noctuoidea,Noctuidae,Acronicta,Acronicta lithospila
Lepidoptera,Noctuoidea,Noctuidae,Acronicta,Acronicta lobeliae
Lepidoptera,Noctuoidea,Noctuidae,Acronicta,Acronicta morula
Lepidoptera,Noctuoidea,Noctuidae,Acronicta,Acronicta tritona
Lepidoptera,Noctuoidea,Noctuidae,Acronicta,Acronicta vulpina
Lepidoptera,Noctuoidea,Noctuidae,Actebia,Actebia fennica
Lepidoptera,Noctuoidea,Noctuidae,Agnorisma,Agnorisma bugrai
Lepidoptera,Noctuoidea,Noctuidae,Agriopodes,Agriopodes fallax
Lepidoptera,Noctuoidea,Noctuidae,Agrotis,Agrotis ipsilon
Lepidoptera,Noctuoidea,Noctuidae,Agrotis,Agrotis venerabilis
Lepidoptera,Noctuoidea,Noctuidae,Agrotis,Agrotis vetusta
Lepidoptera,Noctuoidea,Noctuidae,Agrotis,Agrotis volubilis
Lepidoptera,Noctuoidea,Noctuidae,Alypia,Alypia langtoni
Lepidoptera,Noctuoidea,Noctuidae,Amphipoea,Amphipoea americana
Lepidoptera,Noctuoidea,Noctuidae,Amphipoea,Amphipoea interoceanica
Lepidoptera,Noctuoidea,Noctuidae,Amphipyra,Amphipyra pyramidoides
Lepidoptera,Noctuoidea,Noctuidae,Amphipyra,Amphipyra tragopoginis
Lepidoptera,Noctuoidea,Noctuidae,Anagrapha,Anagrapha falcifera
Lepidoptera,Noctuoidea,Noctuidae,Anaplectoides,Anaplectoides prasina
Lepidoptera,Noctuoidea,Noctuidae,Anaplectoides,Anaplectoides pressus
Lepidoptera,Noctuoidea,Noctuidae,Anarta,Anarta trifolii
Lepidoptera,Noctuoidea,Noctuidae,Anathix,Anathix puta
Lepidoptera,Noctuoidea,Noctuidae,Anathix,Anathix ralla
Lepidoptera,Noctuoidea,Noctuidae,Andropolia,Andropolia contacta
Lepidoptera,Noctuoidea,Noctuidae,Anhimella,Anhimella contrahens
Lepidoptera,Noctuoidea,Noctuidae,Anicla,Anicla illapsa
Lepidoptera,Noctuoidea,Noctuidae,Anicla,Anicla lubricans
Lepidoptera,Noctuoidea,Noctuidae,Apamea,Apamea alia
Lepidoptera,Noctuoidea,Noctuidae,Apamea,Apamea amputatrix
Lepidoptera,Noctuoidea,Noctuidae,Apamea,Apamea cogitata
Lepidoptera,Noctuoidea,Noctuidae,Apamea,Apamea devastator
Lepidoptera,Noctuoidea,Noctuidae,Apamea,Apamea dubitans
Lepidoptera,Noctuoidea,Noctuidae,Apamea,Apamea impulsa
Lepidoptera,Noctuoidea,Noctuidae,Apamea,Apamea inordinata
Lepidoptera,Noctuoidea,Noctuidae,Apamea,Apamea lignicolora
Lepidoptera,Noctuoidea,Noctuidae,Apamea,Apamea nigrior
Lepidoptera,Noctuoidea,Noctuidae,Apamea,Apamea remissa
Lepidoptera,Noctuoidea,Noctuidae,Apamea,Apamea scoparia
Lepidoptera,Noctuoidea,Noctuidae,Apamea,Apamea sordens
Lepidoptera,Noctuoidea,Noctuidae,Apamea,Apamea verbascoides
Lepidoptera,Noctuoidea,Noctuidae,Apamea,Apamea vultuosa
Lepidoptera,Noctuoidea,Noctuidae,Aplectoides,Aplectoides condita
Lepidoptera,Noctuoidea,Noctuidae,Autographa,Autographa ampla
Lepidoptera,Noctuoidea,Noctuidae,Autographa,Autographa bimaculata
Lepidoptera,Noctuoidea,Noctuidae,Autographa,Autographa flagellum
Lepidoptera,Noctuoidea,Noctuidae,Autographa,Autographa mappa
Lepidoptera,Noctuoidea,Noctuidae,Autographa,Autographa precationis
Lepidoptera,Noctuoidea,Noctuidae,Balsa,Balsa labecula
Lepidoptera,Noctuoidea,Noctuidae,Balsa,Balsa malana
Lepidoptera,Noctuoidea,Noctuidae,Bellura,Bellura gortynoides
Lepidoptera,Noctuoidea,Noctuidae,Brachylomia,Brachylomia algens
Lepidoptera,Noctuoidea,Noctuidae,Brachylomia,Brachylomia discinigra
Lepidoptera,Noctuoidea,Noctuidae,Callopistria,Callopistria cordata
Lepidoptera,Noctuoidea,Noctuidae,Callopistria,Callopistria mollissima
Lepidoptera,Noctuoidea,Noctuidae,Capis,Capis curvata
Lepidoptera,Noctuoidea,Noctuidae,Capsula,Capsula oblonga
Lepidoptera,Noctuoidea,Noctuidae,Caradrina,Caradrina multifera
Lepidoptera,Noctuoidea,Noctuidae,Cerastis,Cerastis fishii
Lepidoptera,Noctuoidea,Noctuidae,Cerastis,Cerastis salicarum
Lepidoptera,Noctuoidea,Noctuidae,Chaetaglaea,Chaetaglaea sericea
Lepidoptera,Noctuoidea,Noctuidae,Charadra,Charadra deridens
Lepidoptera,Noctuoidea,Noctuidae,Chrysanympha,Chrysanympha formosa
Lepidoptera,Noctuoidea,Noctuidae,Chrysodeixis,Chrysodeixis includens
Lepidoptera,Noctuoidea,Noctuidae,Chytonix,Chytonix palliatricula
Lepidoptera,Noctuoidea,Noctuidae,Coenophila,Coenophila opacifrons
Lepidoptera,Noctuoidea,Noctuidae,Colocasia,Colocasia flavicornis
Lepidoptera,Noctuoidea,Noctuidae,Colocasia,Colocasia propinquilinea
Lepidoptera,Noctuoidea,Noctuidae,Condica,Condica videns
Lepidoptera,Noctuoidea,Noctuidae,Conservula,Conservula anodonta
Lepidoptera,Noctuoidea,Noctuidae,Cosmia,Cosmia calami
Lepidoptera,Noctuoidea,Noctuidae,Crocigrapha,Crocigrapha normani
Lepidoptera,Noctuoidea,Noctuidae,Cryptocala,Cryptocala acadiensis
Lepidoptera,Noctuoidea,Noctuidae,Ctenoplusia,Ctenoplusia oxygramma
Lepidoptera,Noctuoidea,Noctuidae,Cucullia,Cucullia asteroides
Lepidoptera,Noctuoidea,Noctuidae,Cucullia,Cucullia convexipennis
Lepidoptera,Noctuoidea,Noctuidae,Cucullia,Cucullia florea
Lepidoptera,Noctuoidea,Noctuidae,Cucullia,Cucullia intermedia
Lepidoptera,Noctuoidea,Noctuidae,Cucullia,Cucullia omissa
Lepidoptera,Noctuoidea,Noctuidae,Cucullia,Cucullia postera
Lepidoptera,Noctuoidea,Noctuidae,Dargida,Dargida diffusa
Lepidoptera,Noctuoidea,Noctuidae,Deltote,Deltote bellicula
Lepidoptera,Noctuoidea,Noctuidae,Diachrysia,Diachrysia aereoides
Lepidoptera,Noctuoidea,Noctuidae,Diachrysia,Diachrysia balluca
Lepidoptera,Noctuoidea,Noctuidae,Diarsia,Diarsia jucunda
Lepidoptera,Noctuoidea,Noctuidae,Diarsia,Diarsia rubifera
Lepidoptera,Noctuoidea,Noctuidae,Dypterygia,Dypterygia rozmani
Lepidoptera,Noctuoidea,Noctuidae,Egira,Egira dolosa
Lepidoptera,Noctuoidea,Noctuidae,Elaphria,Elaphria festivoides
Lepidoptera,Noctuoidea,Noctuidae,Elaphria,Elaphria versicolor
Lepidoptera,Noctuoidea,Noctuidae,Enargia,Enargia decolor
Lepidoptera,Noctuoidea,Noctuidae,Eosphoropteryx,Eosphoropteryx thyatyroides
Lepidoptera,Noctuoidea,Noctuidae,Epiglaea,Epiglaea apiata
Lepidoptera,Noctuoidea,Noctuidae,Eremobina,Eremobina claudens
Lepidoptera,Noctuoidea,Noctuidae,Euchalcia,Euchalcia albavitta
Lepidoptera,Noctuoidea,Noctuidae,Eucirroedia,Eucirroedia pampina
Lepidoptera,Noctuoidea,Noctuidae,Eueretagrotis,Eueretagrotis attentus
Lepidoptera,Noctuoidea,Noctuidae,Eueretagrotis,Eueretagrotis perattentus
Lepidoptera,Noctuoidea,Noctuidae,Euplexia,Euplexia benesimilis
Lepidoptera,Noctuoidea,Noctuidae,Eupsilia,Eupsilia devia
Lepidoptera,Noctuoidea,Noctuidae,Eupsilia,Eupsilia morrisoni
Lepidoptera,Noctuoidea,Noctuidae,Eupsilia,Eupsilia sidus
Lepidoptera,Noctuoidea,Noctuidae,Eupsilia,Eupsilia tristigmata
Lepidoptera,Noctuoidea,Noctuidae,Eurois,Eurois astricta
Lepidoptera,Noctuoidea,Noctuidae,Eurois,Eurois occulta
Lepidoptera,Noctuoidea,Noctuidae,Eutricopis,Eutricopis nexilis
Lepidoptera,Noctuoidea,Noctuidae,Euxoa,Euxoa declarata
Lepidoptera,Noctuoidea,Noctuidae,Euxoa,Euxoa detersa
Lepidoptera,Noctuoidea,Noctuidae,Euxoa,Euxoa fumalis
Lepidoptera,Noctuoidea,Noctuidae,Euxoa,Euxoa messoria
Lepidoptera,Noctuoidea,Noctuidae,Euxoa,Euxoa mimallonis
Lepidoptera,Noctuoidea,Noctuidae,Euxoa,Euxoa ochrogaster
Lepidoptera,Noctuoidea,Noctuidae,Euxoa,Euxoa perpolita
Lepidoptera,Noctuoidea,Noctuidae,Euxoa,Euxoa redimicula
Lepidoptera,Noctuoidea,Noctuidae,Euxoa,Euxoa scholastica
Lepidoptera,Noctuoidea,Noctuidae,Euxoa,Euxoa tessellata
Lepidoptera,Noctuoidea,Noctuidae,Euxoa,Euxoa velleripennis
Lepidoptera,Noctuoidea,Noctuidae,Exyra,Exyra fax
Lepidoptera,Noctuoidea,Noctuidae,Feltia,Feltia geniculata
Lepidoptera,Noctuoidea,Noctuidae,Feltia,Feltia jaculifera
Lepidoptera,Noctuoidea,Noctuidae,Feltia,Feltia mollis
Lepidoptera,Noctuoidea,Noctuidae,Feltia,Feltia subgothica
Lepidoptera,Noctuoidea,Noctuidae,Feltia,Feltia subterranea
Lepidoptera,Noctuoidea,Noctuidae,Feralia,Feralia comstocki
Lepidoptera,Noctuoidea,Noctuidae,Feralia,Feralia jocosa
Lepidoptera,Noctuoidea,Noctuidae,Feralia,Feralia major
Lepidoptera,Noctuoidea,Noctuidae,Fishia,Fishia illocata
Lepidoptera,Noctuoidea,Noctuidae,Fishia,Fishia yosemitae
Lepidoptera,Noctuoidea,Noctuidae,Galgula,Galgula partita
Lepidoptera,Noctuoidea,Noctuidae,Graphiphora,Graphiphora augur
Lepidoptera,Noctuoidea,Noctuidae,Harrisimemna,Harrisimemna trisignata
Lepidoptera,Noctuoidea,Noctuidae,Helicoverpa,Helicoverpa zea
Lepidoptera,Noctuoidea,Noctuidae,Helotropha,Helotropha reniformis
Lepidoptera,Noctuoidea,Noctuidae,Hemipachnobia,Hemipachnobia monochromatea
Lepidoptera,Noctuoidea,Noctuidae,Hemipachnobia,Hemipachnobia subporphyrea
Lepidoptera,Noctuoidea,Noctuidae,Hillia,Hillia iris
Lepidoptera,Noctuoidea,Noctuidae,Homoglaea,Homoglaea hircina
Lepidoptera,Noctuoidea,Noctuidae,Homophoberia,Homophoberia apicosa
Lepidoptera,Noctuoidea,Noctuidae,Homorthodes,Homorthodes furfurata
Lepidoptera,Noctuoidea,Noctuidae,Hydraecia,Hydraecia immanis
Lepidoptera,Noctuoidea,Noctuidae,Hydraecia,Hydraecia micacea
Lepidoptera,Noctuoidea,Noctuidae,Hypocoena,Hypocoena inquinata
Lepidoptera,Noctuoidea,Noctuidae,Hyppa,Hyppa xylinoides
Lepidoptera,Noctuoidea,Noctuidae,Ipimorpha,Ipimorpha pleonectusa
Lepidoptera,Noctuoidea,Noctuidae,Lacanobia,Lacanobia atlantica
Lepidoptera,Noctuoidea,Noctuidae,Lacanobia,Lacanobia subjuncta
Lepidoptera,Noctuoidea,Noctuidae,Lacinipolia,Lacinipolia anguina
Lepidoptera,Noctuoidea,Noctuidae,Lacinipolia,Lacinipolia lorea
Lepidoptera,Noctuoidea,Noctuidae,Lacinipolia,Lacinipolia lustralis
Lepidoptera,Noctuoidea,Noctuidae,Lacinipolia,Lacinipolia meditata
Lepidoptera,Noctuoidea,Noctuidae,Lacinipolia,Lacinipolia olivacea
Lepidoptera,Noctuoidea,Noctuidae,Lacinipolia,Lacinipolia renigera
Lepidoptera,Noctuoidea,Noctuidae,Lemmeria,Lemmeria digitalis
Lepidoptera,Noctuoidea,Noctuidae,Leucania,Leucania commoides
Lepidoptera,Noctuoidea,Noctuidae,Leucania,Leucania inermis
Lepidoptera,Noctuoidea,Noctuidae,Leucania,Leucania insueta
Lepidoptera,Noctuoidea,Noctuidae,Leucania,Leucania multilinea
Lepidoptera,Noctuoidea,Noctuidae,Leucania,Leucania phragmitidicola
Lepidoptera,Noctuoidea,Noctuidae,Leucania,Leucania pseudargyria
Lepidoptera,Noctuoidea,Noctuidae,Leucania,Leucania subpunctata
Lepidoptera,Noctuoidea,Noctuidae,Leuconycta,Leuconycta diphteroides
Lepidoptera,Noctuoidea,Noctuidae,Leuconycta,Leuconycta lepidula
Lepidoptera,Noctuoidea,Noctuidae,Litholomia,Litholomia napaea
Lepidoptera,Noctuoidea,Noctuidae,Lithomoia,Lithomoia germana
Lepidoptera,Noctuoidea,Noctuidae,Lithophane,Lithophane bethunei
Lepidoptera,Noctuoidea,Noctuidae,Lithophane,Lithophane disposita
Lepidoptera,Noctuoidea,Noctuidae,Lithophane,Lithophane fagina
Lepidoptera,Noctuoidea,Noctuidae,Lithophane,Lithophane georgii
Lepidoptera,Noctuoidea,Noctuidae,Lithophane,Lithophane grotei
Lepidoptera,Noctuoidea,Noctuidae,Lithophane,Lithophane innominata
Lepidoptera,Noctuoidea,Noctuidae,Lithophane,Lithophane laticinerea
Lepidoptera,Noctuoidea,Noctuidae,Lithophane,Lithophane petulca
Lepidoptera,Noctuoidea,Noctuidae,Lithophane,Lithophane pexata
Lepidoptera,Noctuoidea,Noctuidae,Lithophane,Lithophane tepida
Lepidoptera,Noctuoidea,Noctuidae,Lithophane,Lithophane thaxteri
Lepidoptera,Noctuoidea,Noctuidae,Lithophane,Lithophane unimoda
Lepidoptera,Noctuoidea,Noctuidae,Loscopia,Loscopia velata
Lepidoptera,Noctuoidea,Noctuidae,Lycophotia,Lycophotia phyllophora
Lepidoptera,Noctuoidea,Noctuidae,Macronoctua,Macronoctua onusta
Lepidoptera,Noctuoidea,Noctuidae,Magusa,Magusa orbifera
Lepidoptera,Noctuoidea,Noctuidae,Maliattha,Maliattha concinnimacula
Lepidoptera,Noctuoidea,Noctuidae,Megalographa,Megalographa biloba
Lepidoptera,Noctuoidea,Noctuidae,Melanchra,Melanchra adjuncta
Lepidoptera,Noctuoidea,Noctuidae,Melanchra,Melanchra assimilis
Lepidoptera,Noctuoidea,Noctuidae,Melanchra,Melanchra picta
Lepidoptera,Noctuoidea,Noctuidae,Meropleon,Meropleon diversicolor
Lepidoptera,Noctuoidea,Noctuidae,Mesapamea,Mesapamea fractilinea
Lepidoptera,Noctuoidea,Noctuidae,Metaxaglaea,Metaxaglaea inulta
Lepidoptera,Noctuoidea,Noctuidae,Morrisonia,Morrisonia evicta
Lepidoptera,Noctuoidea,Noctuidae,Morrisonia,Morrisonia latex
Lepidoptera,Noctuoidea,Noctuidae,Mythimna,Mythimna oxygala
Lepidoptera,Noctuoidea,Noctuidae,Mythimna,Mythimna unipuncta
Lepidoptera,Noctuoidea,Noctuidae,Nedra,Nedra ramosula
Lepidoptera,Noctuoidea,Noctuidae,Nephelodes,Nephelodes minians
Lepidoptera,Noctuoidea,Noctuidae,Ochropleura,Ochropleura implecta
Lepidoptera,Noctuoidea,Noctuidae,Oligia,Oligia bridghamii
Lepidoptera,Noctuoidea,Noctuidae,Oligia,Oligia minuscula
Lepidoptera,Noctuoidea,Noctuidae,Oligia,Oligia modica
Lepidoptera,Noctuoidea,Noctuidae,Orthodes,Orthodes cynica
Lepidoptera,Noctuoidea,Noctuidae,Orthodes,Orthodes detracta
Lepidoptera,Noctuoidea,Noctuidae,Orthodes,Orthodes majuscula
Lepidoptera,Noctuoidea,Noctuidae,Orthosia,Orthosia hibisci
Lepidoptera,Noctuoidea,Noctuidae,Orthosia,Orthosia revicta
Lepidoptera,Noctuoidea,Noctuidae,Orthosia,Orthosia rubescens
Lepidoptera,Noctuoidea,Noctuidae,Panthea,Panthea acronyctoides
Lepidoptera,Noctuoidea,Noctuidae,Panthea,Panthea furcilla
Lepidoptera,Noctuoidea,Noctuidae,Papaipema,Papaipema inquaesita
Lepidoptera,Noctuoidea,Noctuidae,Papaipema,Papaipema lysimachiae
Lepidoptera,Noctuoidea,Noctuidae,Papaipema,Papaipema marginidens
Lepidoptera,Noctuoidea,Noctuidae,Papaipema,Papaipema pterisii
Lepidoptera,Noctuoidea,Noctuidae,Papaipema,Papaipema unimoda
Lepidoptera,Noctuoidea,Noctuidae,Parastichtis,Parastichtis suspecta
Lepidoptera,Noctuoidea,Noctuidae,Peridroma,Peridroma saucia
Lepidoptera,Noctuoidea,Noctuidae,Phlogophora,Phlogophora iris
Lepidoptera,Noctuoidea,Noctuidae,Phlogophora,Phlogophora periculosa
Lepidoptera,Noctuoidea,Noctuidae,Platypolia,Platypolia anceps
Lepidoptera,Noctuoidea,Noctuidae,Platypolia,Platypolia mactata
Lepidoptera,Noctuoidea,Noctuidae,Plusia,Plusia contexta
Lepidoptera,Noctuoidea,Noctuidae,Plusia,Plusia putnami
Lepidoptera,Noctuoidea,Noctuidae,Plusia,Plusia venusta
Lepidoptera,Noctuoidea,Noctuidae,Polia,Polia grandis
Lepidoptera,Noctuoidea,Noctuidae,Polia,Polia imbrifera
Lepidoptera,Noctuoidea,Noctuidae,Polia,Polia nimbosa
Lepidoptera,Noctuoidea,Noctuidae,Polia,Polia purpurissata
Lepidoptera,Noctuoidea,Noctuidae,Ponometia,Ponometia candefacta
Lepidoptera,Noctuoidea,Noctuidae,Protodeltote,Protodeltote albidula
Lepidoptera,Noctuoidea,Noctuidae,Protodeltote,Protodeltote muscosula
Lepidoptera,Noctuoidea,Noctuidae,Protolampra,Protolampra brunneicollis
Lepidoptera,Noctuoidea,Noctuidae,Protolampra,Protolampra rufipectus
Lepidoptera,Noctuoidea,Noctuidae,Protorthodes,Protorthodes oviduca
Lepidoptera,Noctuoidea,Noctuidae,Proxenus,Proxenus mindara
Lepidoptera,Noctuoidea,Noctuidae,Pseudeustrotia,Pseudeustrotia carneola
Lepidoptera,Noctuoidea,Noctuidae,Pseudohermonassa,Pseudohermonassa bicarnea
Lepidoptera,Noctuoidea,Noctuidae,Pseudohermonassa,Pseudohermonassa tenuicula
Lepidoptera,Noctuoidea,Noctuidae,Pseudorthodes,Pseudorthodes vecors
Lepidoptera,Noctuoidea,Noctuidae,Pyreferra,Pyreferra hesperidago
Lepidoptera,Noctuoidea,Noctuidae,Pyrrhia,Pyrrhia exprimens
Lepidoptera,Noctuoidea,Noctuidae,Raphia,Raphia abrupta
Lepidoptera,Noctuoidea,Noctuidae,Raphia,Raphia frater
Lepidoptera,Noctuoidea,Noctuidae,Resapamea,Resapamea stipata
Lepidoptera,Noctuoidea,Noctuidae,Schinia,Schinia arcigera
Lepidoptera,Noctuoidea,Noctuidae,Schinia,Schinia florida
Lepidoptera,Noctuoidea,Noctuidae,Schinia,Schinia nundina
Lepidoptera,Noctuoidea,Noctuidae,Sideridis,Sideridis maryx
Lepidoptera,Noctuoidea,Noctuidae,Sideridis,Sideridis rosea
Lepidoptera,Noctuoidea,Noctuidae,Spaelotis,Spaelotis clandestina
Lepidoptera,Noctuoidea,Noctuidae,Spiramater,Spiramater lutra
Lepidoptera,Noctuoidea,Noctuidae,Spodoptera,Spodoptera frugiperda
Lepidoptera,Noctuoidea,Noctuidae,Spodoptera,Spodoptera ornithogalli
Lepidoptera,Noctuoidea,Noctuidae,Sunira,Sunira bicolorago
Lepidoptera,Noctuoidea,Noctuidae,Sutyna,Sutyna privata
Lepidoptera,Noctuoidea,Noctuidae,Sympistis,Sympistis dentata
Lepidoptera,Noctuoidea,Noctuidae,Sympistis,Sympistis piffardi
Lepidoptera,Noctuoidea,Noctuidae,Syngrapha,Syngrapha alias
Lepidoptera,Noctuoidea,Noctuidae,Syngrapha,Syngrapha altera
Lepidoptera,Noctuoidea,Noctuidae,Syngrapha,Syngrapha epigaea
Lepidoptera,Noctuoidea,Noctuidae,Syngrapha,Syngrapha montana
Lepidoptera,Noctuoidea,Noctuidae,Syngrapha,Syngrapha octoscripta
Lepidoptera,Noctuoidea,Noctuidae,Syngrapha,Syngrapha rectangula
Lepidoptera,Noctuoidea,Noctuidae,Syngrapha,Syngrapha selecta
Lepidoptera,Noctuoidea,Noctuidae,Syngrapha,Syngrapha u-aureum
Lepidoptera,Noctuoidea,Noctuidae,Tricholita,Tricholita signata
Lepidoptera,Noctuoidea,Noctuidae,Trichoplusia,Trichoplusia ni
Lepidoptera,Noctuoidea,Noctuidae,Trichordestra,Trichordestra legitima
Lepidoptera,Noctuoidea,Noctuidae,Trichordestra,Trichordestra lilacina
Lepidoptera,Noctuoidea,Noctuidae,Trichordestra,Trichordestra rugosa
Lepidoptera,Noctuoidea,Noctuidae,Trichordestra,Trichordestra tacoma
Lepidoptera,Noctuoidea,Noctuidae,Ufeus,Ufeus satyricus
Lepidoptera,Noctuoidea,Noctuidae,Xanthia,Xanthia tatago
Lepidoptera,Noctuoidea,Noctuidae,Xestia,Xestia badicollis
Lepidoptera,Noctuoidea,Noctuidae,Xestia,Xestia c-nigrum
Lepidoptera,Noctuoidea,Noctuidae,Xestia,Xestia dilucida
Lepidoptera,Noctuoidea,Noctuidae,Xestia,Xestia elimata
Lepidoptera,Noctuoidea,Noctuidae,Xestia,Xestia normanianus
Lepidoptera,Noctuoidea,Noctuidae,Xestia,Xestia perquiritata
Lepidoptera,Noctuoidea,Noctuidae,Xestia,Xestia smithii
Lepidoptera,Noctuoidea,Noctuidae,Xylena,Xylena cineritia
Lepidoptera,Noctuoidea,Noctuidae,Xylena,Xylena curvimacula
Lepidoptera,Noctuoidea,Noctuidae,Xylena,Xylena nupera
Lepidoptera,Noctuoidea,Noctuidae,Xylomoia,Xylomoia chagnoni
Lepidoptera,Noctuoidea,Noctuidae,Xylotype,Xylotype arcadia
Lepidoptera,Noctuoidea,Noctuidae,Xylotype,Xylotype capax
Lepidoptera,Papilionoidea,Nymphalidae,Aglais,Aglais milberti
Lepidoptera,Papilionoidea,Nymphalidae,Argynnis,Argynnis cybele
Lepidoptera,Papilionoidea,Nymphalidae,Boloria,Boloria bellona
Lepidoptera,Papilionoidea,Nymphalidae,Boloria,Boloria selene
Lepidoptera,Papilionoidea,Nymphalidae,Cercyonis,Cercyonis pegala
Lepidoptera,Papilionoidea,Nymphalidae,Chlosyne,Chlosyne harrisii
Lepidoptera,Papilionoidea,Nymphalidae,Chlosyne,Chlosyne nycteis
Lepidoptera,Papilionoidea,Nymphalidae,Danaus,Danaus plexippus
Lepidoptera,Papilionoidea,Nymphalidae,Euphydryas,Euphydryas phaeton
Lepidoptera,Papilionoidea,Nymphalidae,Junonia,Junonia coenia
Lepidoptera,Papilionoidea,Nymphalidae,Lethe,Lethe eurydice
Lepidoptera,Papilionoidea,Nymphalidae,Lethe,Lethe portlandia
Lepidoptera,Papilionoidea,Nymphalidae,Limenitis,Limenitis archippus
Lepidoptera,Papilionoidea,Nymphalidae,Limenitis,Limenitis arthemis
Lepidoptera,Papilionoidea,Nymphalidae,Nymphalis,Nymphalis antiopa
Lepidoptera,Papilionoidea,Nymphalidae,Nymphalis,Nymphalis I-album
Lepidoptera,Papilionoidea,Nymphalidae,Oeneis,Oeneis jutta
Lepidoptera,Papilionoidea,Nymphalidae,Phyciodes,Phyciodes tharos
Lepidoptera,Papilionoidea,Nymphalidae,Polygonia,Polygonia comma
Lepidoptera,Papilionoidea,Nymphalidae,Polygonia,Polygonia faunus
Lepidoptera,Papilionoidea,Nymphalidae,Polygonia,Polygonia interrogationis
Lepidoptera,Papilionoidea,Nymphalidae,Polygonia,Polygonia progne
Lepidoptera,Papilionoidea,Nymphalidae,Speyeria,Speyeria aphrodite
Lepidoptera,Papilionoidea,Nymphalidae,Speyeria,Speyeria atlantis
Lepidoptera,Papilionoidea,Nymphalidae,Vanessa,Vanessa atalanta
Lepidoptera,Papilionoidea,Nymphalidae,Vanessa,Vanessa cardui
Lepidoptera,Papilionoidea,Nymphalidae,Vanessa,Vanessa virginiensis
Lepidoptera,Papilionoidea,Papilionidae,Papilio,Papilio glaucus
Lepidoptera,Papilionoidea,Papilionidae,Papilio,Papilio troilus
Lepidoptera,Papilionoidea,Pieridae,Colias,Colias eurytheme
Lepidoptera,Papilionoidea,Pieridae,Colias,Colias interior
Lepidoptera,Papilionoidea,Pieridae,Colias,Colias philodice
Lepidoptera,Papilionoidea,Pieridae,Pieris,Pieris oleracea
Lepidoptera,Papilionoidea,Pieridae,Pieris,Pieris rapae
Lepidoptera,Papilionoidea,Pieridae,Pyrisitia,Pyrisitia lisa
Lepidoptera,Tortricoidea,Tortricidae,Acleris,Acleris albicomana
Lepidoptera,Tortricoidea,Tortricidae,Acleris,Acleris bowmanana
Lepidoptera,Tortricoidea,Tortricidae,Acleris,Acleris braunana
Lepidoptera,Tortricoidea,Tortricidae,Acleris,Acleris busckana
Lepidoptera,Tortricoidea,Tortricidae,Acleris,Acleris celiana
Lepidoptera,Tortricoidea,Tortricidae,Acleris,Acleris cervinana
Lepidoptera,Tortricoidea,Tortricidae,Acleris,Acleris chalybeana
Lepidoptera,Tortricoidea,Tortricidae,Acleris,Acleris comariana
Lepidoptera,Tortricoidea,Tortricidae,Acleris,Acleris curvalana
Lepidoptera,Tortricoidea,Tortricidae,Acleris,Acleris ferrugana
Lepidoptera,Tortricoidea,Tortricidae,Acleris,Acleris flavivittana
Lepidoptera,Tortricoidea,Tortricidae,Acleris,Acleris forbesana
Lepidoptera,Tortricoidea,Tortricidae,Acleris,Acleris fragariana
Lepidoptera,Tortricoidea,Tortricidae,Acleris,Acleris hastiana
Lepidoptera,Tortricoidea,Tortricidae,Acleris,Acleris hudsoniana
Lepidoptera,Tortricoidea,Tortricidae,Acleris,Acleris implexana
Lepidoptera,Tortricoidea,Tortricidae,Acleris,Acleris inana
Lepidoptera,Tortricoidea,Tortricidae,Acleris,Acleris kearfottana
Lepidoptera,Tortricoidea,Tortricidae,Acleris,Acleris logiana
Lepidoptera,Tortricoidea,Tortricidae,Acleris,Acleris maccana
Lepidoptera,Tortricoidea,Tortricidae,Acleris,Acleris maculidorsana
Lepidoptera,Tortricoidea,Tortricidae,Acleris,Acleris minuta
Lepidoptera,Tortricoidea,Tortricidae,Acleris,Acleris nigrolinea
Lepidoptera,Tortricoidea,Tortricidae,Acleris,Acleris nivisellana
Lepidoptera,Tortricoidea,Tortricidae,Acleris,Acleris oxycoccana
Lepidoptera,Tortricoidea,Tortricidae,Acleris,Acleris robinsoniana
Lepidoptera,Tortricoidea,Tortricidae,Acleris,Acleris semiannula
Lepidoptera,Tortricoidea,Tortricidae,Acleris,Acleris semipurpurana
Lepidoptera,Tortricoidea,Tortricidae,Acleris,Acleris variana
Lepidoptera,Tortricoidea,Tortricidae,Aethes,Aethes atomosana
Lepidoptera,Tortricoidea,Tortricidae,Aethes,Aethes biscana
Lepidoptera,Tortricoidea,Tortricidae,Aethes,Aethes interruptofasciata
Lepidoptera,Tortricoidea,Tortricidae,Aethes,Aethes rutilana
Lepidoptera,Tortricoidea,Tortricidae,Aethes,Aethes smeathmanniana
Lepidoptera,Tortricoidea,Tortricidae,Amorbia,Amorbia humerosana
Lepidoptera,Tortricoidea,Tortricidae,Ancylis,Ancylis apicana
Lepidoptera,Tortricoidea,Tortricidae,Ancylis,Ancylis burgessiana
Lepidoptera,Tortricoidea,Tortricidae,Ancylis,Ancylis carbonana
Lepidoptera,Tortricoidea,Tortricidae,Ancylis,Ancylis comptana
Lepidoptera,Tortricoidea,Tortricidae,Ancylis,Ancylis diminutana
Lepidoptera,Tortricoidea,Tortricidae,Ancylis,Ancylis discigerana
Lepidoptera,Tortricoidea,Tortricidae,Ancylis,Ancylis goodelliana
Lepidoptera,Tortricoidea,Tortricidae,Ancylis,Ancylis laciniana
Lepidoptera,Tortricoidea,Tortricidae,Ancylis,Ancylis mediofasciana
Lepidoptera,Tortricoidea,Tortricidae,Ancylis,Ancylis metamelana
Lepidoptera,Tortricoidea,Tortricidae,Ancylis,Ancylis nubeculana
Lepidoptera,Tortricoidea,Tortricidae,Ancylis,Ancylis subaequana
Lepidoptera,Tortricoidea,Tortricidae,Ancylis,Ancylis tineana
Lepidoptera,Tortricoidea,Tortricidae,Anopina,Anopina ednana
Lepidoptera,Tortricoidea,Tortricidae,Aphelia,Aphelia alleniana
Lepidoptera,Tortricoidea,Tortricidae,Apotomis,Apotomis albeolana
Lepidoptera,Tortricoidea,Tortricidae,Apotomis,Apotomis capreana
Lepidoptera,Tortricoidea,Tortricidae,Apotomis,Apotomis deceptana
Lepidoptera,Tortricoidea,Tortricidae,Apotomis,Apotomis funerea
Lepidoptera,Tortricoidea,Tortricidae,Apotomis,Apotomis infida
Lepidoptera,Tortricoidea,Tortricidae,Apotomis,Apotomis removana
Lepidoptera,Tortricoidea,Tortricidae,Archips,Archips cerasivorana
Lepidoptera,Tortricoidea,Tortricidae,Archips,Archips fervidana
Lepidoptera,Tortricoidea,Tortricidae,Archips,Archips packardiana
Lepidoptera,Tortricoidea,Tortricidae,Archips,Archips purpurana
Lepidoptera,Tortricoidea,Tortricidae,Archips,Archips rosana
Lepidoptera,Tortricoidea,Tortricidae,Argyrotaenia,Argyrotaenia mariana
Lepidoptera,Tortricoidea,Tortricidae,Argyrotaenia,Argyrotaenia pinatubana
Lepidoptera,Tortricoidea,Tortricidae,Argyrotaenia,Argyrotaenia quadrifasciana
Lepidoptera,Tortricoidea,Tortricidae,Argyrotaenia,Argyrotaenia quercifoliana
Lepidoptera,Tortricoidea,Tortricidae,Argyrotaenia,Argyrotaenia repertana
Lepidoptera,Tortricoidea,Tortricidae,Argyrotaenia,Argyrotaenia velutinana
Lepidoptera,Tortricoidea,Tortricidae,Bactra,Bactra furfurana
Lepidoptera,Tortricoidea,Tortricidae,Catastega,Catastega aceriella
Lepidoptera,Tortricoidea,Tortricidae,Celypha,Celypha cespitana
Lepidoptera,Tortricoidea,Tortricidae,Cenopis,Cenopis ferreana
Lepidoptera,Tortricoidea,Tortricidae,Cenopis,Cenopis pettitana
Lepidoptera,Tortricoidea,Tortricidae,Choristoneura,Choristoneura conflictana
Lepidoptera,Tortricoidea,Tortricidae,Choristoneura,Choristoneura fumiferana
Lepidoptera,Tortricoidea,Tortricidae,Choristoneura,Choristoneura rosaceana
Lepidoptera,Tortricoidea,Tortricidae,Clepsis,Clepsis clemensiana
Lepidoptera,Tortricoidea,Tortricidae,Clepsis,Clepsis melaleucanus
Lepidoptera,Tortricoidea,Tortricidae,Clepsis,Clepsis peritana
Lepidoptera,Tortricoidea,Tortricidae,Clepsis,Clepsis persicana
Lepidoptera,Tortricoidea,Tortricidae,Clepsis,Clepsis virescana
Lepidoptera,Tortricoidea,Tortricidae,Cochylis,Cochylis hoffmanana
Lepidoptera,Tortricoidea,Tortricidae,Cochylis,Cochylis nana
Lepidoptera,Tortricoidea,Tortricidae,Cochylis,Cochylis temerana
Lepidoptera,Tortricoidea,Tortricidae,Coelostathma,Coelostathma discopunctana
Lepidoptera,Tortricoidea,Tortricidae,Cydia,Cydia latiferreana
Lepidoptera,Tortricoidea,Tortricidae,Cydia,Cydia pomonella
Lepidoptera,Tortricoidea,Tortricidae,Cydia,Cydia populana
Lepidoptera,Tortricoidea,Tortricidae,Decodes,Decodes fragariana
Lepidoptera,Tortricoidea,Tortricidae,Dichrorampha,Dichrorampha bittana
Lepidoptera,Tortricoidea,Tortricidae,Dichrorampha,Dichrorampha simulana
Lepidoptera,Tortricoidea,Tortricidae,Ecdytolopha,Ecdytolopha insiticiana
Lepidoptera,Tortricoidea,Tortricidae,Endothenia,Endothenia hebesana
Lepidoptera,Tortricoidea,Tortricidae,Epiblema,Epiblema carolinana
Lepidoptera,Tortricoidea,Tortricidae,Epiblema,Epiblema otiosana
Lepidoptera,Tortricoidea,Tortricidae,Epiblema,Epiblema scudderiana
Lepidoptera,Tortricoidea,Tortricidae,Epinotia,Epinotia criddleana
Lepidoptera,Tortricoidea,Tortricidae,Epinotia,Epinotia lindana
Lepidoptera,Tortricoidea,Tortricidae,Epinotia,Epinotia momonana
Lepidoptera,Tortricoidea,Tortricidae,Epinotia,Epinotia nanana
Lepidoptera,Tortricoidea,Tortricidae,Epinotia,Epinotia nisella
Lepidoptera,Tortricoidea,Tortricidae,Epinotia,Epinotia normanana
Lepidoptera,Tortricoidea,Tortricidae,Epinotia,Epinotia rectiplicana
Lepidoptera,Tortricoidea,Tortricidae,Epinotia,Epinotia septemberana
Lepidoptera,Tortricoidea,Tortricidae,Epinotia,Epinotia solandriana
Lepidoptera,Tortricoidea,Tortricidae,Epinotia,Epinotia solicitana
Lepidoptera,Tortricoidea,Tortricidae,Epinotia,Epinotia transmissana
Lepidoptera,Tortricoidea,Tortricidae,Epinotia,Epinotia trigonella
Lepidoptera,Tortricoidea,Tortricidae,Eucosma,Eucosma agricolana
Lepidoptera,Tortricoidea,Tortricidae,Eucosma,Eucosma cataclystiana
Lepidoptera,Tortricoidea,Tortricidae,Eucosma,Eucosma comatulana
Lepidoptera,Tortricoidea,Tortricidae,Eucosma,Eucosma derelicta
Lepidoptera,Tortricoidea,Tortricidae,Eucosma,Eucosma dorsisignatana
Lepidoptera,Tortricoidea,Tortricidae,Eucosma,Eucosma similiana
Lepidoptera,Tortricoidea,Tortricidae,Eucosma,Eucosma tocullionana
Lepidoptera,Tortricoidea,Tortricidae,Eulia,Eulia ministrana
Lepidoptera,Tortricoidea,Tortricidae,Evora,Evora hemidesma
Lepidoptera,Tortricoidea,Tortricidae,Grapholita,Grapholita interstinctana
Lepidoptera,Tortricoidea,Tortricidae,Grapholita,Grapholita libertina
Lepidoptera,Tortricoidea,Tortricidae,Grapholita,Grapholita packardi
Lepidoptera,Tortricoidea,Tortricidae,Grapholita,Grapholita prunivora
Lepidoptera,Tortricoidea,Tortricidae,Gretchena,Gretchena amatana
Lepidoptera,Tortricoidea,Tortricidae,Gypsonoma,Gypsonoma fasciolana
Lepidoptera,Tortricoidea,Tortricidae,Gypsonoma,Gypsonoma salicicolana
Lepidoptera,Tortricoidea,Tortricidae,Gypsonoma,Gypsonoma substitutionis
Lepidoptera,Tortricoidea,Tortricidae,Hedya,Hedya ochroleucana
Lepidoptera,Tortricoidea,Tortricidae,Hulda,Hulda impudens
Lepidoptera,Tortricoidea,Tortricidae,Lobesia,Lobesia bicinctana
Lepidoptera,Tortricoidea,Tortricidae,Metendothenia,Metendothenia separatana
Lepidoptera,Tortricoidea,Tortricidae,Notocelia,Notocelia culminana
Lepidoptera,Tortricoidea,Tortricidae,Notocelia,Notocelia purpurissatana
Lepidoptera,Tortricoidea,Tortricidae,Notocelia,Notocelia rosaecolana
Lepidoptera,Tortricoidea,Tortricidae,Olethreutes,Olethreutes albiciliana
Lepidoptera,Tortricoidea,Tortricidae,Olethreutes,Olethreutes appendiceum
Lepidoptera,Tortricoidea,Tortricidae,Olethreutes,Olethreutes astrologana
Lepidoptera,Tortricoidea,Tortricidae,Olethreutes,Olethreutes bipartitana
Lepidoptera,Tortricoidea,Tortricidae,Olethreutes,Olethreutes concinnana
Lepidoptera,Tortricoidea,Tortricidae,Olethreutes,Olethreutes coruscana
Lepidoptera,Tortricoidea,Tortricidae,Olethreutes,Olethreutes diallacta
Lepidoptera,Tortricoidea,Tortricidae,Olethreutes,Olethreutes electrofuscum
Lepidoptera,Tortricoidea,Tortricidae,Olethreutes,Olethreutes fasciatana
Lepidoptera,Tortricoidea,Tortricidae,Olethreutes,Olethreutes glaciana
Lepidoptera,Tortricoidea,Tortricidae,Olethreutes,Olethreutes melanomesum
Lepidoptera,Tortricoidea,Tortricidae,Olethreutes,Olethreutes nananum
Lepidoptera,Tortricoidea,Tortricidae,Olethreutes,Olethreutes olivaceana
Lepidoptera,Tortricoidea,Tortricidae,Olethreutes,Olethreutes permundana
Lepidoptera,Tortricoidea,Tortricidae,Olethreutes,Olethreutes polluxana
Lepidoptera,Tortricoidea,Tortricidae,Olethreutes,Olethreutes rusticanum
Lepidoptera,Tortricoidea,Tortricidae,Olethreutes,Olethreutes submissanum
Lepidoptera,Tortricoidea,Tortricidae,Olethreutes,Olethreutes turfosana
Lepidoptera,Tortricoidea,Tortricidae,Olethreutes,Olethreutes valdanum
Lepidoptera,Tortricoidea,Tortricidae,Orthotaenia,Orthotaenia undulana
Lepidoptera,Tortricoidea,Tortricidae,Pammene,Pammene perstructana
Lepidoptera,Tortricoidea,Tortricidae,Pandemis,Pandemis limitata
Lepidoptera,Tortricoidea,Tortricidae,Paralobesia,Paralobesia rhoifructana
Lepidoptera,Tortricoidea,Tortricidae,Paralobesia,Paralobesia spiraeifoliana
Lepidoptera,Tortricoidea,Tortricidae,Phaneta,Phaneta autumnana
Lepidoptera,Tortricoidea,Tortricidae,Phaneta,Phaneta formosana
Lepidoptera,Tortricoidea,Tortricidae,Phaneta,Phaneta ochroterminana
Lepidoptera,Tortricoidea,Tortricidae,Phaneta,Phaneta olivaceana
Lepidoptera,Tortricoidea,Tortricidae,Phaneta,Phaneta parmatana
Lepidoptera,Tortricoidea,Tortricidae,Phaneta,Phaneta radiatana
Lepidoptera,Tortricoidea,Tortricidae,Phaneta,Phaneta refusana
Lepidoptera,Tortricoidea,Tortricidae,Phaneta,Phaneta umbrastriana
Lepidoptera,Tortricoidea,Tortricidae,Phtheochroa,Phtheochroa aureoalbida
Lepidoptera,Tortricoidea,Tortricidae,Phtheochroa,Phtheochroa baracana
Lepidoptera,Tortricoidea,Tortricidae,Phtheochroa,Phtheochroa cartwrightana
Lepidoptera,Tortricoidea,Tortricidae,Phtheochroa,Phtheochroa vitellinana
Lepidoptera,Tortricoidea,Tortricidae,Platynota,Platynota idaeusalis
Lepidoptera,Tortricoidea,Tortricidae,Pristerognatha,Pristerognatha fuligana
Lepidoptera,Tortricoidea,Tortricidae,Proteoteras,Proteoteras moffatiana
Lepidoptera,Tortricoidea,Tortricidae,Pseudosciaphila,Pseudosciaphila duplex
Lepidoptera,Tortricoidea,Tortricidae,Retinia,Retinia comstockiana
Lepidoptera,Tortricoidea,Tortricidae,Retinia,Retinia gemistrigulana
Lepidoptera,Tortricoidea,Tortricidae,Rhopobota,Rhopobota dietziana
Lepidoptera,Tortricoidea,Tortricidae,Rhopobota,Rhopobota finitimana
Lepidoptera,Tortricoidea,Tortricidae,Rudenia,Rudenia leguminana
Lepidoptera,Tortricoidea,Tortricidae,Sereda,Sereda tautana
Lepidoptera,Tortricoidea,Tortricidae,Sonia,Sonia constrictana
Lepidoptera,Tortricoidea,Tortricidae,Sparganothis,Sparganothis lycopodiana
Lepidoptera,Tortricoidea,Tortricidae,Sparganothis,Sparganothis sulfureana
Lepidoptera,Tortricoidea,Tortricidae,Sparganothis,Sparganothis unifasciana
Lepidoptera,Tortricoidea,Tortricidae,Sparganothis,Sparganothis violaceana
Lepidoptera,Tortricoidea,Tortricidae,Sparganothis,Sparganothis xanthoides
Lepidoptera,Tortricoidea,Tortricidae,Spilonota,Spilonota ocellana
Lepidoptera,Tortricoidea,Tortricidae,Syndemis,Syndemis afflictana
Lepidoptera,Tortricoidea,Tortricidae,Taniva,Taniva albolineana
Lepidoptera,Tortricoidea,Tortricidae,Thyraylia,Thyraylia bunteana
Lepidoptera,Tortricoidea,Tortricidae,Zeiraphera,Zeiraphera canadensis
Lepidoptera,Tortricoidea,Tortricidae,Zeiraphera,Zeiraphera improbana
